{
  "version": 1,
  "author": "Anonymous maker",
  "editor": "wokwi",
  "parts": [
    { "type": "wokwi-arduino-uno", "id": "uno", "top": 51.33, "left": -35.33, "attrs": {} },
    { "type": "wokwi-led", "id": "led1", "top": -70, "left": 158, "attrs": { "color": "blue" } },
    {
      "type": "wokwi-led",
      "id": "led2",
      "top": -72.97,
      "left": 91.8,
      "attrs": { "color": "cyan" }
    },
    {
      "type": "wokwi-led",
      "id": "led3",
      "top": -72.97,
      "left": 35.13,
      "attrs": { "color": "violet" }
    }
  ],
  "connections": [
    [ "uno:GND.1", "led3:C", "black", [ "v-25.28", "h-76.04" ] ],
    [ "uno:GND.1", "led2:C", "black", [ "v0" ] ],
    [ "uno:GND.1", "led1:C", "black", [ "v-39.07", "h105.46" ] ],
    [ "uno:2", "led1:A", "green", [ "v0" ] ],
    [ "uno:8", "led2:A", "green", [ "v0" ] ],
    [ "uno:13", "led3:A", "green", [ "v0" ] ]
  ]
}